N,iteration,loss,relative_l2
10,1,0.023177031365395735,2.3148977791596885
10,2,0.02200657682767624,2.2224234693536618
